gonghao,xingming,xingbie,zhiwei
"0","姚琨瑶","男","司机"
"1","冯晴田","女","司机"
"2","金韶仪","女","司机"
"3","夏国娟","男","司机"
"4","郝姮娥","男","司机"
"5","钱智美","女","司机"
"6","董绮文","男","司机"
"7","于语心","女","队长"
"8","黄欣美","女","司机"
"9","范代容","女","司机"
"10","崔诗槐","男","司机"
"11","田冰蓝","女","司机"
"12","曹从南","男","司机"
"13","蒋彤云","男","司机"
"14","贺滇萍","女","司机"
"15","钟舒兰","男","司机"
"16","武若淑","女","司机"
"17","万韶敏","男","司机"
"18","任敏慧","女","司机"
"19","蒋芸儿","男","司机"
"20","戴天音","女","司机"
"21","江梓瑶","男","司机"
"22","白笑妍","男","司机"
"23","尹恨桃","男","司机"
"24","贾巧曼","男","司机"
"25","戴桃花","男","司机"
"26","白妍青","女","司机"
"27","漕绿柏","男","司机"
"28","万丹溪","男","司机"
"29","李莉颖","女","队长"
"30","余文姝","女","司机"
"31","田水蓉","男","司机"
"32","尹淑婉","男","司机"
"33","于琇芬","男","司机"
"34","邵胜花","男","司机"
"35","彭初丹","男","司机"
"36","贾笑南","女","司机"
"37","常学英","男","司机"
"38","朱寻文","男","司机"
"39","易悦人","女","司机"
"40","钟雁丝","女","司机"
"41","李逸致","女","司机"
"42","贺笑槐","男","司机"
"43","唐沛文","男","司机"
"44","郝雪冰","男","司机"
"45","苏秋蝶","女","司机"
"46","许凡桃","女","司机"
"47","方语蓉","男","司机"
"48","宋萧曼","女","司机"
"49","孟沛凝","男","司机"
